{
    "variants": {
        "": [
            { "model": "block/glowstone" },
            { "model": "block/glowstone", "y": 90 },
			{ "model": "block/glowstone", "y": 180},
			{ "model": "block/glowstone", "y": 270},
			{ "model": "block/glowstone", "x": 90 },
			{ "model": "block/glowstone", "x": 180},
			{ "model": "block/glowstone", "x": 270},
			{ "model": "block/glowstone", "z": 90 },
			{ "model": "block/glowstone", "z": 180},
			{ "model": "block/glowstone", "z": 270}
        ]
    }
}
