{
    "variants": {
        "": [
		    { "model": "block/gravel" },
            { "model": "block/gravel", "y": 90 },
            { "model": "block/gravel", "y": 180 },
            { "model": "block/gravel", "y": 270 },
			{ "model": "block/gravel_1" },
            { "model": "block/gravel_1", "y": 90 },
            { "model": "block/gravel_1", "y": 180 },
            { "model": "block/gravel_1", "y": 270 },
			{ "model": "block/gravel_2" },
            { "model": "block/gravel_2", "y": 90 },
            { "model": "block/gravel_2", "y": 180 },
            { "model": "block/gravel_2", "y": 270 }
		]
    }
}
