{
    "variants": {
        "": [
            { "model": "block/netherrack" },
            { "model": "block/netherrack", "y": 90 },
            { "model": "block/netherrack", "y": 180 },
            { "model": "block/netherrack", "y": 270 },
			{ "model": "block/netherrack_1" },
            { "model": "block/netherrack_1", "y": 90 },
            { "model": "block/netherrack_1", "y": 180 },
            { "model": "block/netherrack_1", "y": 270 },
			{ "model": "block/netherrack_2" },
            { "model": "block/netherrack_2", "y": 90 },
            { "model": "block/netherrack_2", "y": 180 },
            { "model": "block/netherrack_2", "y": 270 },			
			{ "model": "block/netherrack_3" },
            { "model": "block/netherrack_3", "y": 90 },
            { "model": "block/netherrack_3", "y": 180 },
            { "model": "block/netherrack_3", "y": 270 }
        ]
    }
}
