{
    "textures": {
        "particle": "block/cobblestone",
		"side": "#side",
        "top":  "#top"
    },
    "elements": [
        {   "from": [ 5, 0, 0 ],
            "to": [ 11, 14, 8 ],
            "faces": {
                "down":  { "texture": "#top", "cullface": "down" },
                "up":    { "texture": "#top" },
                "north": { "texture": "#side", "cullface": "north" },
                "west":  { "texture": "#side" },
                "east":  { "texture": "#side" }
            },
            "__comment": "wall"
        }
    ]
}
